trial_id,date,time,script,mission,member,hub,result,elapsed_sec,exit_code,commit,note,log_path,code_hash,snapshot,via
20260919_141604,2026-09-19,14:16:04,run_coach_test.py,,coach,Pybricks Hub3,fail,11.0,0,450d37a,,docs/logs/run_coach_test/20260919_141604.log,2b2e670c,docs/trials/snapshots/2b2e670c,
20260919_191754,2026-09-19,19:17:54,run_M06_yuri.py,M06,yuri,Pybricks Hub3,success,14.8,0,450d37a,,docs/logs/run_template copy/20260919_191754.log,61ff72b8,docs/trials/snapshots/61ff72b8,
20260919_192015,2026-09-19,19:20:15,run_M06_yuri.py,M06,yuri,Pybricks Hub3,partial,12.6,0,450d37a,,docs/logs/run_template copy/20260919_192015.log,d2435143,docs/trials/snapshots/d2435143,
20260919_192115,2026-09-19,19:21:15,run_M06_yuri.py,M06,yuri,Pybricks Hub3,success,15.9,0,450d37a,,docs/logs/run_template copy/20260919_192115.log,b822385c,docs/trials/snapshots/b822385c,
20260919_193312,2026-09-19,19:33:12,run_M06_yuri.py,M06,yuri,Pybricks Hub3,fail,12.2,0,450d37a,,docs/logs/run_template copy/20260919_193312.log,61ff72b8,docs/trials/snapshots/61ff72b8,
20261003_110226,2026-10-03,11:02:26,run_coach_M12.py,M12,coach,Pybricks Hub3,fail,31.7,0,4de03be,teach.pyで記録したコードの1回目の走行。もう一度teach.pyで記録してやり直す。,docs/logs/run_coach_M12/20261003_110226.log,c6385a0a,docs/trials/snapshots/c6385a0a,
20261003_110920,2026-10-03,11:09:20,run_coach_M12.py,M12,coach,Pybricks Hub3,fail,16.3,0,4de03be,このコードを微調整していく,docs/logs/run_coach_M12/20261003_110920.log,cb18d50e,docs/trials/snapshots/cb18d50e,
20261003_113236,2026-10-03,11:32:36,run_coach_M12.py,M12,coach,Pybricks Hub3,fail,41.6,0,4de03be,記録したコードのテスト1回目,docs/logs/run_coach_M12/20261003_113236.log,ccd4d8dc,docs/trials/snapshots/ccd4d8dc,
20261003_113612,2026-10-03,11:36:12,run_coach_M12.py,M12,coach,Pybricks Hub3,fail,41.7,0,4de03be,ビデオ撮影しながら課題を把握,docs/logs/run_coach_M12/20261003_113612.log,20f05c25,docs/trials/snapshots/20f05c25,
20261003_114223,2026-10-03,11:42:23,run_coach_M12.py,M12,coach,Pybricks Hub3,fail,42.9,0,4de03be,"M12 x, M11 o, M06 o, M07 o",docs/logs/run_coach_M12/20261003_114223.log,20f05c25,docs/trials/snapshots/20f05c25,
20261003_114902,2026-10-03,11:49:02,run_coach_M12.py,M12,coach,Pybricks Hub3,fail,17.4,0,4de03be,失敗したM12の課題を発見するためのテスト,docs/logs/run_coach_M12/20261003_114902.log,6804e931,docs/trials/snapshots/6804e931,
20261003_115103,2026-10-03,11:51:03,run_coach_M12.py,M12,coach,Pybricks Hub3,fail,17.3,0,4de03be,課題を見つけて微調整,docs/logs/run_coach_M12/20261003_115103.log,165ecd55,docs/trials/snapshots/165ecd55,
20261003_115238,2026-10-03,11:52:38,run_coach_M12.py,M12,coach,Pybricks Hub3,fail,27.3,0,4de03be,微調整継続,docs/logs/run_coach_M12/20261003_115238.log,32b9675f,docs/trials/snapshots/32b9675f,
20261003_115423,2026-10-03,11:54:23,run_coach_M12.py,M12,coach,Pybricks Hub3,partial,27.4,0,4de03be,M12成功,docs/logs/run_coach_M12/20261003_115423.log,32b9675f,docs/trials/snapshots/32b9675f,
20261003_115716,2026-10-03,11:57:16,run_coach_M12.py,M12,coach,Pybricks Hub3,fail,43.8,0,4de03be,M12以降がうまくいかなかった,docs/logs/run_coach_M12/20261003_115716.log,21ec71d5,docs/trials/snapshots/21ec71d5,
20261003_120019,2026-10-03,12:00:19,run_coach_M12.py,M12,coach,Pybricks Hub3,fail,43.5,0,4de03be,"M12 x,M11 x, M06 o, M07 o",docs/logs/run_coach_M12/20261003_120019.log,332f846c,docs/trials/snapshots/332f846c,
20261003_125837,2026-10-03,12:58:37,run_coach_M03.py,M03,coach,Pybricks Hub3,success,18.2,0,1bad40d,,docs/logs/run_coach_M03/20261003_125837.log,dd1ec4fc,docs/trials/snapshots/dd1ec4fc,
20261003_130013,2026-10-03,13:00:13,run_coach_M02.py,M02,coach,Pybricks Hub3,success,23.8,0,1bad40d,,docs/logs/run_coach_M02/20261003_130013.log,aea71c8e,docs/trials/snapshots/aea71c8e,
